53,gloves,accessories
56,tie,accessories
58,headband,accessories
59,umbrella,accessories
68,stockings,accessories
69,socks,accessories
231,pouch,accessories
251,hosiery,accessories
269,suspenders,accessories
270,activity wristband,accessories
299,male accessories,accessories
300,male belt,accessories
301,male gloves,accessories
302,male scarves,accessories
306,male suspenders,accessories
4460,male socks,accessories
4463,wallet,accessories
4467,key chain,accessories
4468,money clip,accessories
4470,bowtie,accessories
4472,smartphone cases/tech items,accessories
4473,umbrella,accessories
